sample_id,y_true,probability,alert
3324,0,0.18784730676517306,True
4323,1,0.4657481938771439,True
3072,0,0.8636977238919872,True
7014,0,0.06141576510755979,True
333,0,0.007002687701894241,False
8439,0,0.20104610265303008,True
1119,0,0.4696202343536544,True
1812,0,0.10015950023536224,True
2032,0,0.11274733075680067,True
1517,0,0.004390140738970927,False
611,0,0.02100922700367879,False
4851,1,0.7302137857957363,True
2658,0,0.476250951938414,True
5963,0,0.16282623945964347,True
5969,0,0.052478348870280814,True
5631,0,0.27614390233094177,True
8643,0,0.43176084614590937,True
1115,0,0.051587135665252096,True
7889,0,0.5908516932884598,True
947,0,0.04210356261198439,False
2884,0,0.11241866407456301,True
2882,0,0.1478111667095545,True
9918,0,0.2682198926840672,True
1901,0,0.28356873957432743,True
4944,0,0.19102704616607927,True
2238,0,0.8966187321922277,True
4701,0,0.27730441155810126,True
1687,0,0.023081699366102205,False
9839,0,0.14889074867418328,True
150,0,0.3292477698986789,True
9702,0,0.014149463908394553,False
9168,0,0.0817235343717915,True
8012,0,0.7017204642594266,True
5581,0,0.20661484343875872,True
5629,0,0.7948642827468484,True
1691,0,0.08377047972505124,True
6084,0,0.01110760282561382,False
4016,0,0.4376984846420768,True
7993,0,0.029057892502751696,False
6983,0,0.5254541298033196,True
1893,0,0.09139707392493268,True
946,0,0.11616203059292711,True
1913,0,0.34951627437741767,True
1323,0,0.46236438873550634,True
2512,0,0.03564533027500902,False
8661,0,0.06404819817354568,True
7195,0,0.2450571896712633,True
6031,0,0.06690461883974189,True
3704,0,0.20530018281224988,True
711,0,0.11284103586436818,True
1830,0,0.3197034122344394,True
3893,0,0.30968058083605493,True
1934,0,0.0737052198038327,True
207,1,0.8843653152904808,True
1413,0,0.09513840602662522,True
8870,0,0.033776306540951435,False
8787,0,0.009496322507211002,False
8484,0,0.20092050907881856,True
7021,0,0.02264288455412241,False
7074,0,0.2696835822891254,True
9469,0,0.15222011136270244,True
4396,0,0.11383627671341853,True
8209,0,0.01776732378623357,False
9764,1,0.5380000354512626,True
9144,0,0.04377396335623263,False
3878,0,0.06730815755668186,True
5872,0,0.29235396845669775,True
5397,0,0.6070210544525736,True
7445,0,0.03337225789462006,False
7943,0,0.012038127303224493,False
9587,0,0.008160649634337522,False
7926,1,0.7377197068121107,True
5182,0,0.10981883846120385,True
1402,0,0.5126798684324787,True
2545,0,0.07443412148275778,True
1948,0,0.11815538677315479,True
2969,0,0.35915167120801617,True
3693,0,0.19445379148178937,True
5186,0,0.8489000148741215,True
1012,0,0.003293969021717594,False
534,0,0.010696320466462943,False
782,0,0.014178189322736554,False
7279,0,0.05510642118071815,True
3296,0,0.07701575290913212,True
7659,0,0.2550603717808442,True
4304,0,0.03299801812243106,False
1628,0,0.037492419418742914,False
9765,0,0.007999442260600604,False
2492,0,0.932202810566001,True
7893,0,0.036814869200034565,False
3105,0,0.5725349048006854,True
8887,0,0.03663833114526336,False
168,1,0.8265810133954224,True
699,0,0.0060471425928991665,False
8549,0,0.029227091785405168,False
6662,0,0.6787935739895268,True
3766,0,0.9183163271702535,True
5635,0,0.8222208056864236,True
2454,0,0.10045441602097328,True
4370,1,0.9810965350644582,True
2923,0,0.7912965691560054,True
7107,0,0.07850612546161181,True
5888,0,0.21630338543247013,True
3349,0,0.21829749679915092,True
5838,0,0.013705615083267267,False
1422,0,0.004338279244147827,False
138,0,0.5646246073052607,True
1114,0,0.016659544332086537,False
2657,0,0.2532876013867396,True
9049,0,0.010404628680361364,False
6427,0,0.1836212063703015,True
9604,0,0.038330533734287325,False
5519,0,0.4113495604633929,True
1336,0,0.09922620156321364,True
8839,0,0.02033380743508369,False
4803,0,0.6041739687505265,True
2046,0,0.22506260670501974,True
2393,0,0.541866374347204,True
762,0,0.11354336619844689,True
790,0,0.04435794466788807,False
869,0,0.07210088999386428,True
4169,0,0.3850939051129288,True
7798,0,0.039425707836952685,False
3379,0,0.030363175044490705,False
1597,0,0.034731826407944595,False
6889,0,0.04773414927430943,False
7946,0,0.00696800342294552,False
8436,0,0.4961821958336117,True
5938,0,0.11699215848696717,True
8898,0,0.06860459824712398,True
439,0,0.0072934147432225024,False
6237,0,0.16340469253500578,True
7683,0,0.5498316662938869,True
8050,0,0.102223144656141,True
9461,0,0.13564690469589735,True
5919,0,0.2424683918685186,True
3553,0,0.21994438139685996,True
4940,0,0.2735749745433668,True
9815,0,0.19870003915291368,True
4700,0,0.3606205333233426,True
2268,0,0.27200320357870467,True
7561,0,0.26008298637312116,True
4022,0,0.5495704903819807,True
5616,0,0.33760388005774944,True
5565,0,0.3673043020839503,True
7210,0,0.22046801892474735,True
5180,0,0.37729799588762436,True
4121,1,0.8168133000871368,True
44,0,0.357497428197284,True
7521,0,0.007739499071663326,False
6723,0,0.16878692696698083,True
1419,1,0.6392384233261311,True
6030,0,0.4935034852605615,True
8830,0,0.047212223566802214,False
7332,0,0.11057121410498216,True
2212,0,0.20666824400353123,True
3776,0,0.6684957303390578,True
1436,0,0.03486372958024497,False
6203,0,0.05594103662335139,True
108,0,0.031863669093806765,False
7826,0,0.8623473557129177,True
8077,0,0.07016336823281037,True
2392,0,0.5422492667784682,True
4880,0,0.6696247828935848,True
5191,0,0.5009636390760652,True
1156,0,0.05942603126036433,True
1188,0,0.0601083019734558,True
6108,0,0.017649482932511767,False
2731,0,0.11801865538099614,True
9478,0,0.16219591621063614,True
8920,0,0.40760720656385424,True
9823,0,0.3100938345007825,True
4754,0,0.7671981240346729,True
6310,0,0.4296368328552806,True
4675,0,0.22222308809596303,True
1965,0,0.07904554158341907,True
4471,0,0.08035487021497313,True
4148,0,0.2912681835415937,True
4691,0,0.26696106802417746,True
5819,0,0.43032781758342914,True
4171,0,0.30213399559302934,True
3990,0,0.10899217834941072,True
5318,0,0.07154907102492487,True
3224,0,0.0813799441695876,True
7539,0,0.013192107788144532,False
6024,1,0.8916326726153389,True
9582,0,0.02084904561635238,False
9843,0,0.09575640071460817,True
3066,0,0.3061458485794898,True
7955,0,0.11404398467496316,True
6755,0,0.40772630253815756,True
8248,0,0.08065355840549361,True
8271,0,0.22653847372526587,True
8919,0,0.06156049582015321,True
2716,0,0.39259469023626303,True
5074,0,0.1620880764604195,True
3373,0,0.046247239350623005,False
5737,0,0.8618945226712644,True
3265,0,0.926379579879109,True
2890,0,0.07742673696776868,True
4353,1,0.993571915656091,True
826,0,0.07938842464342809,True
563,0,0.021073624881366413,False
2062,0,0.3299485009677672,True
1849,0,0.05358381113436158,True
1335,1,0.703812514359333,True
4384,0,0.9051074704237845,True
1706,0,0.19294091411861355,True
3292,0,0.13995238789172404,True
5884,0,0.21873237774579282,True
823,0,0.07260694915580324,True
5818,0,0.4166207741288558,True
9065,0,0.10390530065636666,True
7152,0,0.30621803123303903,True
6513,0,0.06672545795439391,True
1391,1,0.8923937535782039,True
1501,0,0.5114636371059992,True
1374,0,0.02433417570416588,False
7045,0,0.01915598013979559,False
8147,0,0.027485901617703184,False
9948,0,0.09788513355586802,True
6393,0,0.19448614867085287,True
262,0,0.01138372506533101,False
3425,0,0.3270817156843367,True
5466,0,0.4447432281472611,True
7408,0,0.25687711323793655,True
4809,0,0.6281884092720504,True
6250,0,0.42747168895410653,True
3076,0,0.35982642229504846,True
338,0,0.01977183724828749,False
1955,0,0.42782841510447833,True
4843,0,0.19464947213474887,True
505,0,0.005191987149797971,False
9589,0,0.025296124937065907,False
8142,0,0.13815093931645492,True
870,0,0.2607416708132045,True
8856,0,0.3618036575761282,True
7827,0,0.1483344102795942,True
8140,0,0.007196089933048866,False
6486,0,0.37406424018193585,True
202,0,0.12124580570798181,True
3899,0,0.11015658323761385,True
3901,0,0.07780200780465371,True
5707,0,0.410153968595119,True
3210,0,0.16920609510581344,True
329,0,0.1392143649487265,True
5602,0,0.6534515411046689,True
554,0,0.021275333594350646,False
8963,0,0.02257708138617303,False
2076,0,0.284855773037517,True
831,0,0.2729606017648047,True
7294,0,0.037018952706356995,False
154,0,0.2680751457791306,True
6922,0,0.7222227980261743,True
9406,0,0.3882062524544099,True
9036,0,0.01388675326420269,False
1974,0,0.6280440379479607,True
6314,0,0.14945683096118959,True
1316,0,0.05889753672507826,True
3645,0,0.17747113187098176,True
4570,1,0.5033779992808677,True
6120,0,0.05516304817432639,True
4931,0,0.13579845418990374,True
5918,0,0.1369103538650575,True
7007,0,0.0950049390652983,True
9349,0,0.02072984262928975,False
9505,0,0.007246796564416733,False
3046,0,0.0894686485016435,True
6234,0,0.35267408956967444,True
3448,0,0.45376595626095634,True
6317,0,0.4433126502781654,True
7956,0,0.009313113266269515,False
6710,0,0.28626546228021554,True
9183,0,0.007813194986341353,False
6571,0,0.6735838176360799,True
7767,0,0.04315837543573601,False
2004,0,0.1488454025143664,True
7517,0,0.034360024239615844,False
5438,0,0.1358075490549866,True
2998,0,0.36233349180176916,True
8377,0,0.05498721748597576,True
5728,0,0.6533642275255076,True
7182,0,0.09889681928953237,True
1840,0,0.029659822045699294,False
3424,0,0.2766642976805282,True
4667,0,0.0986261466965164,True
6377,0,0.12706598469734362,True
6453,0,0.06298860557656409,True
6682,0,0.052470567237078825,True
9370,0,0.18885732105221212,True
5459,0,0.7509971160754474,True
4719,0,0.8200130525265873,True
7970,0,0.02803047372044894,False
4655,0,0.10944498451460895,True
4958,0,0.894310360083424,True
9599,0,0.008773461438360683,False
7711,0,0.1950123003469153,True
4866,0,0.4160673613714683,True
4317,0,0.2104133202359504,True
864,0,0.05705764229621291,True
8223,0,0.11993640187890388,True
4437,0,0.3390107314030791,True
1619,0,0.04633282817074939,False
838,0,0.07696241267550574,True
809,0,0.18470661986362152,True
1016,1,0.6754699252073668,True
573,0,0.1681487301190711,True
1163,0,0.27984339171077693,True
3069,0,0.2580008034007646,True
1424,0,0.03980521419930635,False
5290,0,0.5468413911106861,True
3325,0,0.19141920195075776,True
931,0,0.011228185928137345,False
4716,0,0.6839546288466772,True
8389,0,0.03845245261453997,False
6293,0,0.3145022908107635,True
5562,0,0.43553587400433713,True
8689,0,0.21769038310876687,True
2687,0,0.2662169898491361,True
9438,0,0.2280088485916851,True
8690,1,0.0873149678268398,True
7001,0,0.4535228093550088,True
998,0,0.23816182701747127,True
5980,0,0.19147384926166208,True
2210,0,0.7708659220546811,True
9646,0,0.055293730299111776,True
8005,0,0.052569385671047034,True
8187,0,0.35340091358994985,True
2842,0,0.8971663376907382,True
8048,0,0.010175376018817671,False
8706,0,0.05767908522451384,True
7691,0,0.12795809486763451,True
2850,0,0.7740186996285681,True
8365,0,0.007681934377744673,False
8172,0,0.01558374592607479,False
9412,0,0.10527711993088539,True
2900,0,0.1501114244098457,True
7628,0,0.020140726944166576,False
1600,0,0.07862978408007772,True
5281,0,0.23767522204975858,True
3155,0,0.7760323105316669,True
905,0,0.15305117234066945,True
7180,0,0.011092520248145173,False
9462,0,0.17418210011300458,True
69,1,0.9913736634604283,True
115,0,0.23178034999299338,True
9479,0,0.07279471339808177,True
8596,0,0.7355903563605404,True
9293,0,0.017770350922886223,False
5053,0,0.27196350674209835,True
5009,0,0.22092060399632416,True
5084,0,0.16765150058917813,True
4192,0,0.71558360500261,True
8216,0,0.47101239675954143,True
7318,0,0.34160030068296404,True
5136,0,0.5023024206042549,True
5986,0,0.883292767589964,True
2537,0,0.10487022849064978,True
8444,0,0.004269168290589705,False
7574,0,0.08539766850663458,True
6126,0,0.4863555278491662,True
2341,0,0.12317163061229994,True
9600,0,0.1169051440439105,True
8863,0,0.009740016610972976,False
7395,0,0.10015717812617861,True
1401,0,0.0536646188878418,True
3108,0,0.5126205079814564,True
7087,1,0.3358985916320303,True
9828,0,0.49234464985500687,True
3810,0,0.2555145672463687,True
4643,1,0.9722623989906424,True
4943,0,0.20038183405877372,True
7793,0,0.017750025126119097,False
1332,0,0.1777087257388324,True
6253,0,0.2708618755279128,True
6298,0,0.2575265722620973,True
3992,0,0.302641786631511,True
749,0,0.22003643106869938,True
4417,1,0.9934761426062921,True
4306,0,0.08963417488241457,True
9441,0,0.04501357163554556,False
3752,0,0.28171432378838623,True
5321,0,0.6458607709449173,True
1692,0,0.02955275282824359,False
1059,0,0.020902606607660804,False
7557,0,0.02749213582730057,False
2757,0,0.2011810251422327,True
9535,0,0.01138074928768084,False
9470,0,0.2100696073444538,True
6192,0,0.10807791157517073,True
4862,0,0.8557785174660385,True
2573,0,0.45390450658610454,True
3636,0,0.32822833655793504,True
7116,0,0.07415409151759216,True
9513,0,0.007496495626808242,False
3195,0,0.02749060872801591,False
3180,0,0.8098996856285846,True
6243,0,0.7413752710807733,True
3778,0,0.4154771874684982,True
3162,0,0.2977163230176172,True
2992,0,0.16667201223537084,True
4045,0,0.03032187834867187,False
9524,0,0.003533301529426209,False
2202,0,0.09711201560890635,True
7458,0,0.14054198713747232,True
1646,0,0.3124025584355014,True
8840,0,0.07033195677503076,True
5820,0,0.3066441784564303,True
4727,1,0.7793520893927401,True
1048,0,0.026500654158944818,False
517,0,0.15319474201640243,True
4613,0,0.9688206975322787,True
8396,0,0.014432274261607257,False
8695,0,0.01795811305035589,False
6823,0,0.6608507865318838,True
2799,0,0.20119598461581173,True
9284,0,0.03453453349596928,False
7505,0,0.22113066114352042,True
1689,0,0.04619884964417335,False
4674,0,0.4339246682529514,True
3221,0,0.49766916118446336,True
5044,0,0.6852840343758791,True
7902,0,0.11354510011167937,True
3793,1,0.35460105776433604,True
2672,0,0.04114723271310144,False
5061,1,0.9929564441337239,True
8071,0,0.012932174356537327,False
4990,0,0.1093639904471809,True
9283,0,0.030481855770618987,False
5585,0,0.022175394388512567,False
8731,0,0.0833926929868578,True
6834,0,0.7513443699374364,True
9663,1,0.6575797884640833,True
7068,0,0.4029782404826791,True
3525,0,0.39624292912209286,True
1850,0,0.25248763312610006,True
6595,0,0.0278203808560445,False
148,0,0.4378908511359876,True
8545,0,0.030978226607010738,False
7909,0,0.11911323742437172,True
4285,1,0.8151433029454502,True
5288,0,0.45851924628466467,True
2965,0,0.11845768349813388,True
614,0,0.017861049246895633,False
6242,0,0.6009517353484539,True
3648,0,0.3771701450542114,True
1616,0,0.01679101209921731,False
9871,0,0.04526186372785248,False
1539,0,0.10638128650505166,True
1015,0,0.0077297521814054795,False
8642,0,0.0339917400335253,False
2182,0,0.6562039733923746,True
1656,0,0.4534823960386557,True
3461,0,0.1430969023554091,True
3949,0,0.25870569702886403,True
5043,0,0.3348159025206572,True
5542,0,0.20296690491708713,True
7218,0,0.2824586355432041,True
1408,0,0.51113196102887,True
3026,0,0.48671874363776535,True
8018,0,0.2041019501731225,True
9593,0,0.09251669295980247,True
9263,0,0.04141295648994113,False
1136,0,0.09294351929620204,True
1883,0,0.4162301251849019,True
6985,0,0.027584222757755874,False
7161,0,0.3994439136239374,True
4480,1,0.5592043648189877,True
3227,0,0.16266998771172955,True
6135,0,0.1512554870695363,True
6051,0,0.5297756593882973,True
4792,0,0.5228375443657284,True
441,0,0.0260434012168226,False
2531,0,0.0586435819763964,True
3454,0,0.06318505602706828,True
5145,0,0.06940173646583993,True
4422,0,0.7081244721538363,True
1097,0,0.032995335736497364,False
1088,0,0.007464646112456439,False
4693,0,0.3614616709211379,True
5153,0,0.05175497894961697,True
2146,0,0.33107187511687963,True
3367,0,0.025329561191343372,False
5461,0,0.6314837334580979,True
4511,0,0.6447988691625292,True
8110,0,0.2627404594815219,True
6187,0,0.5731593901198259,True
2283,0,0.5430447186823383,True
6349,0,0.016388936914312438,False
6132,0,0.15987065508290713,True
6130,0,0.3034885107085197,True
3127,0,0.04375216594261887,False
2526,0,0.021852966406033337,False
8687,0,0.10525013693345593,True
4063,0,0.13122223908880679,True
9836,0,0.08501416496594659,True
8088,0,0.08361203152347163,True
798,0,0.021062052902693834,False
1180,0,0.0033730683007418922,False
5588,0,0.10454257989991683,True
8474,0,0.09268866856613113,True
8368,0,0.038461194847392,False
9844,0,0.0049419056071404845,False
4689,0,0.39461319577654613,True
5977,0,0.3242054775698055,True
4213,0,0.09968259524537101,True
220,0,0.7012728583842704,True
5681,0,0.1300236521241924,True
1428,0,0.005028520612977783,False
9860,0,0.011645539989494313,False
9048,0,0.07492592500075249,True
8848,0,0.009776178934521759,False
3744,0,0.8634195633639958,True
9897,0,0.27788658913376335,True
9914,0,0.01016691765056025,False
727,0,0.026545684961630855,False
5042,0,0.3548657184186239,True
7035,0,0.06288682209871294,True
2174,0,0.02124455416944983,False
8875,0,0.04553702428134318,False
508,0,0.008525493198850067,False
6570,0,0.28428720967859805,True
6249,0,0.3428990143540995,True
5573,0,0.014538408703580528,False
4241,0,0.6761472175472899,True
9233,0,0.13152858727130437,True
5319,0,0.13836395304994117,True
3859,0,0.7580322914988834,True
7153,0,0.7457481256712374,True
4889,0,0.7529073896906107,True
6114,0,0.04148712068342475,False
774,0,0.07049608916928442,True
3618,0,0.1788328326872606,True
4635,0,0.7882951235082949,True
6960,0,0.42975274580546247,True
5142,0,0.09936024919786153,True
2782,0,0.09379620943694757,True
3459,0,0.28622977318039994,True
7954,0,0.021771095793109582,False
255,0,0.02430380012748686,False
9775,0,0.005729917295837187,False
8949,0,0.29418402072985794,True
2726,0,0.1755760796191746,True
6316,0,0.218485054437798,True
365,0,0.45748872128566254,True
1457,0,0.04892801029948909,False
2331,1,0.935747967808771,True
4929,0,0.15355683265217443,True
9510,0,0.029557607634489554,False
9808,0,0.13827732189432818,True
405,0,0.7345289370560688,True
4971,0,0.6979881982862668,True
3860,0,0.4822324674682065,True
6517,0,0.06741505205772916,True
1329,0,0.05913991289300864,True
6503,0,0.693773632307921,True
1696,0,0.0689115400300464,True
2064,0,0.2782319721952472,True
8938,0,0.015722409678960637,False
5499,0,0.15981479326037568,True
5896,0,0.7396879636133864,True
633,0,0.04537066398870477,False
9334,0,0.3336418645906672,True
3862,0,0.7906089351827451,True
2129,0,0.10554997010639683,True
1868,0,0.6608125497903409,True
7335,0,0.4938877573365512,True
1693,0,0.011337862450771065,False
1744,0,0.8317119790120897,True
5341,0,0.7309884110688489,True
9713,0,0.1467719527867623,True
7969,0,0.016560668186964576,False
3967,0,0.310276938578857,True
9606,0,0.032321348740416374,False
7625,0,0.017623500463989295,False
1140,0,0.07392816651195452,True
7164,0,0.5408671113818694,True
2924,0,0.6525540155145456,True
9378,0,0.09650259917007283,True
5250,0,0.41828289740953895,True
7013,0,0.019103282155574806,False
6052,0,0.21675803978689953,True
1753,0,0.909729343466767,True
1038,0,0.04267498388791289,False
7638,0,0.10887691585810011,True
949,0,0.0186482303603516,False
6917,0,0.16597489703636417,True
4250,0,0.6576501464301059,True
9127,0,0.017573993516169707,False
9878,0,0.5223994432195234,True
5386,0,0.6858701886114814,True
4244,0,0.23839786907869434,True
1020,0,0.25900582134868294,True
709,0,0.08413692857241627,True
7215,0,0.4882637548505011,True
3526,0,0.3295750124949264,True
8573,0,0.04977308486606946,False
2954,0,0.03135050360525347,False
5817,0,0.31410910616611815,True
2175,0,0.0343125156248497,False
5242,0,0.4189714503037679,True
8056,0,0.04892021047020417,False
6269,0,0.059448329996663,True
4832,0,0.27903961467870425,True
3480,0,0.9027582944128016,True
6022,0,0.06336498417017525,True
4473,0,0.13101222458585315,True
8879,0,0.037404832736376396,False
5177,0,0.6262082285101689,True
6747,0,0.13897123254004404,True
1579,0,0.38312536892478777,True
5667,0,0.16703915164790392,True
1089,0,0.006010622912024185,False
1521,0,0.010349884481279095,False
5146,0,0.12558858677569038,True
3546,0,0.2504438053031609,True
2837,0,0.4861612792341479,True
6206,0,0.02899540260042223,False
4875,0,0.4756929123916739,True
1392,0,0.2368745475967856,True
6378,0,0.40349846864242206,True
1937,0,0.04656779467109634,False
9282,0,0.037460257308022195,False
2883,0,0.08950050536160906,True
3589,0,0.9565864217896444,True
8423,0,0.23976620333003124,True
7424,0,0.032769656243039284,False
429,0,0.15899427223121043,True
2206,0,0.7423528967424482,True
2497,0,0.649555424395344,True
8714,0,0.009961793030211996,False
7265,0,0.0849277775346956,True
1411,0,0.21390925608733566,True
6811,0,0.5987098127261727,True
2570,0,0.1450469801745717,True
6479,0,0.3442873881866376,True
1903,0,0.3013698967943028,True
8402,0,0.2706683472839805,True
7646,0,0.12101158089109379,True
9369,0,0.02650327501116066,False
9487,0,0.435829484664489,True
2260,0,0.03232527112241096,False
7472,0,0.02163315368215278,False
6657,0,0.7091161839549759,True
985,0,0.03514451025474954,False
2682,0,0.028993734006773172,False
394,0,0.1548725811123307,True
2808,0,0.23923365621544201,True
1148,0,0.7254377208133538,True
3382,0,0.08209359178771819,True
4863,0,0.2985263511734294,True
6645,0,0.3308343835273617,True
2695,0,0.05061362170009225,True
9853,0,0.02200066239489142,False
7590,0,0.41849595214643487,True
6530,0,0.03813595294239183,False
3585,0,0.6298030242661635,True
1803,0,0.06815206596807334,True
8797,0,0.005659176962829028,False
5529,0,0.23240406210502546,True
4410,0,0.19057655541482482,True
6544,0,0.4457581486552604,True
4257,0,0.5795808154673808,True
8429,0,0.24304315453493572,True
1282,0,0.025415154737707876,False
6900,0,0.09868654133802056,True
8416,0,0.018258363366325955,False
9864,0,0.01688418498809594,False
2347,0,0.07177519036047678,True
1912,0,0.35481729556534014,True
523,0,0.01408558384784192,False
3679,0,0.6518613672379735,True
6485,0,0.6088028751296577,True
6134,0,0.19177019437066428,True
4115,0,0.9238903928074517,True
1952,0,0.6229972941228731,True
467,0,0.13749714646897332,True
1176,0,0.00632115951343557,False
6859,0,0.028704268166247562,False
3950,0,0.08154899249021949,True
6313,0,0.6229334332939821,True
5430,0,0.04531353335184344,False
8851,0,0.00478492588816489,False
2776,0,0.24860836890505014,True
2443,0,0.15804423943826007,True
2069,0,0.41280059684329956,True
4127,0,0.08686787637636363,True
1962,0,0.3429788006769229,True
4671,0,0.5634004852901304,True
4203,0,0.36190610450055094,True
3548,0,0.11291472628145807,True
3545,0,0.17014235768289648,True
1659,0,0.22884679676273595,True
4690,0,0.6166001015484623,True
1210,0,0.05014157118773264,True
1377,0,0.1237534790579014,True
5382,0,0.6625676747128891,True
3851,0,0.7989307460639072,True
6327,0,0.793876725167356,True
3171,0,0.9470446901434908,True
1126,0,0.040863094024250715,False
4860,0,0.8229730122855377,True
7330,0,0.13664528988996347,True
9862,0,0.07097352368240255,True
7018,0,0.05777240638401575,True
7390,0,0.08757677546813326,True
5205,0,0.659637626898078,True
1853,0,0.06535698834111096,True
373,0,0.04217480383033008,False
8535,0,0.09685270061096406,True
4780,0,0.5795946602592678,True
811,0,0.10418312653872068,True
1835,0,0.23750900209909462,True
4318,0,0.3819531332405388,True
641,0,0.09628881464122242,True
5392,0,0.6501024406359672,True
2598,1,0.8728643713250472,True
892,0,0.4332847669533471,True
5168,0,0.05698380515805519,True
8841,0,0.11020735965063626,True
9501,0,0.029185535000468284,False
6758,0,0.4970658729498464,True
6251,0,0.4957391204367797,True
100,0,0.047365951705498774,False
20,0,0.015920645415038577,False
7348,0,0.010077095553859302,False
8646,0,0.09081253103024381,True
1562,0,0.4720633227574879,True
3087,0,0.6058626791505697,True
1133,0,0.14141908495736172,True
1291,0,0.015623707635698888,False
1640,0,0.12177021097340465,True
4340,0,0.5277919811201427,True
6413,0,0.33010094239689636,True
6547,0,0.18415418594319502,True
2396,0,0.1989132132774812,True
3433,0,0.5572547744489336,True
4497,0,0.2494931779633378,True
7012,0,0.4965213991003895,True
9722,0,0.0314072831323939,False
3095,0,0.37835596708089403,True
3842,0,0.6911466658892641,True
6098,0,0.038279559963941626,False
2507,0,0.046704744160597035,False
5747,0,0.08696316883519793,True
1130,0,0.11356373143044059,True
1104,0,0.015758474111693278,False
3491,0,0.1315522933201308,True
9576,1,0.22884676055873673,True
5716,0,0.7258117838972774,True
7524,0,0.006400713238811496,False
9172,0,0.06370123651347646,True
6685,0,0.19165507980776955,True
3098,0,0.8024422335654459,True
7599,0,0.016360834426713367,False
4276,0,0.8770197606903137,True
3827,0,0.4252194808396279,True
9949,0,0.648927787211064,True
3838,0,0.5394991382101281,True
5104,0,0.4436396850197397,True
2876,0,0.02321496612195252,False
4526,0,0.6052833924348556,True
178,0,0.2473490705502077,True
1361,0,0.014679825761811477,False
9566,0,0.11152363772806174,True
6507,0,0.018485395074953892,False
669,0,0.041591670783575584,False
684,0,0.03873428510587505,False
2739,0,0.27967090971577213,True
8418,0,0.14648713520208761,True
5427,0,0.4820413599182052,True
1492,1,0.931181024751383,True
5996,0,0.7199619678036919,True
7941,0,0.007278935082061884,False
8679,0,0.755010344581551,True
7488,0,0.2772632336265338,True
7026,0,0.08654595753986577,True
1370,0,0.014919443465849936,False
506,0,0.0023237327578690538,False
4915,0,0.23404313114545144,True
5950,0,0.0527171169186992,True
5912,0,0.013943685864303121,False
3756,0,0.24103853687362004,True
9879,0,0.0396263925719287,False
61,0,0.2922392667125527,True
5854,0,0.556592181352515,True
9186,0,0.003435658169859149,False
3154,0,0.5106701659588482,True
1455,0,0.19125036486772404,True
6979,0,0.8765255337105137,True
2509,0,0.015013859023901224,False
4527,1,0.6029581913242533,True
2423,0,0.06920501934442685,True
1231,0,0.20002269854466,True
2540,0,0.0870768455463566,True
8143,0,0.030005961200345842,False
4739,1,0.5530600755600255,True
1541,0,0.2910711462191052,True
3135,0,0.39097774808870733,True
9135,0,0.11627659613458227,True
4395,0,0.28333340837561133,True
7289,0,0.5645444802929961,True
4761,1,0.5565798750044381,True
4519,0,0.36286228909304513,True
72,0,0.2943397090094145,True
8097,0,0.10126011242527701,True
2804,0,0.1281020422842769,True
9973,0,0.24878457812095672,True
5103,0,0.25224628764598417,True
5015,0,0.15651038247773488,True
9575,0,0.14277289558779646,True
9416,0,0.041477476710060635,False
5345,0,0.2373871838049544,True
3625,0,0.11280430423503053,True
973,0,0.042626360158037196,False
4029,0,0.411796125765755,True
9400,0,0.2746183168473631,True
3657,0,0.4808211242325105,True
4696,0,0.5512721918123435,True
2852,0,0.8244513448935512,True
3415,0,0.3837113202164316,True
9126,0,0.02751139871956415,False
58,0,0.07965241121736193,True
4979,0,0.6565398398483417,True
2353,0,0.043150857105326124,False
9118,0,0.051842785833064696,True
9159,0,0.030648570660424822,False
8325,0,0.04561976079135422,False
676,0,0.0030850429797458167,False
4545,0,0.8470134125520473,True
605,0,0.0036039639941473646,False
8917,0,0.09561168441058746,True
1847,0,0.24899019223423224,True
4168,0,0.24602179297817386,True
5541,0,0.28511190718697194,True
7020,0,0.5253500385257751,True
4858,0,0.6727284435016666,True
2263,0,0.21085620205704997,True
4270,1,0.8564522898690279,True
5550,0,0.4574023440369551,True
8850,0,0.015660273267647122,False
7846,0,0.13803102737206702,True
6075,0,0.4974150638853993,True
941,0,0.005622055538375617,False
133,0,0.5506686604878004,True
7623,0,0.028152417257730194,False
6443,0,0.028038701049679194,False
2793,0,0.055912607766235814,True
7155,0,0.09903725630687184,True
304,0,0.0688522938603914,True
9044,0,0.007897115095806017,False
5248,0,0.05893977172544071,True
504,0,0.009447233863339833,False
6745,0,0.4270369929412652,True
7183,0,0.2709319823554336,True
7222,0,0.8741905079460024,True
7495,0,0.0715947416115361,True
9189,0,0.0051426273770252195,False
3831,0,0.40261667321623223,True
8340,0,0.05512071595672828,True
1783,0,0.09377621874881938,True
6586,0,0.7558132734120625,True
7501,0,0.0611249647679785,True
8824,0,0.017557217995814365,False
7347,0,0.03109867505890829,False
6455,0,0.2642651932089128,True
5978,0,0.5360280900654625,True
1474,0,0.7918670716880352,True
364,0,0.4427381906298868,True
7931,0,0.1717408098844692,True
1797,0,0.16587877821268868,True
6808,0,0.23874644521864588,True
9150,0,0.4597151917274589,True
1237,0,0.05345819857318066,True
1349,0,0.017407723078068316,False
6608,0,0.13835996748714463,True
9567,0,0.10658222747261822,True
6932,1,0.753275908129297,True
320,0,0.15574103189379396,True
9848,0,0.03522941558344049,False
9207,0,0.09017361991195402,True
8984,0,0.8646081270008982,True
3347,0,0.6561577485352678,True
5906,0,0.3137868452088192,True
4959,0,0.2697338795566883,True
874,0,0.005931561762029966,False
34,0,0.03408101276585503,False
3923,0,0.4605688893364483,True
9258,0,0.005570852519830862,False
6748,0,0.3944490363414435,True
6532,0,0.29126382490771807,True
2278,0,0.03175022040708831,False
2845,0,0.956892337291534,True
2665,0,0.8289711952460477,True
8117,0,0.02434298935578792,False
4708,0,0.5241824014289319,True
9826,0,0.5826471807749692,True
4212,0,0.8383917491906174,True
9098,0,0.08805772733200648,True
2449,0,0.06435063357625843,True
8309,0,0.013350095697251865,False
5253,0,0.2204009772179228,True
6539,0,0.7979503709228428,True
1284,1,0.06615706298416385,True
8654,0,0.12979167209871698,True
3061,0,0.8606394455488876,True
4574,0,0.12368567804723987,True
4817,0,0.06330036631235342,True
7249,0,0.440358631728088,True
574,0,0.04592496914885743,False
8724,0,0.016678788966403513,False
4647,0,0.152498012074977,True
499,0,0.05813850821550861,True
7415,0,0.1312158077108045,True
3113,0,0.40940745115555843,True
3587,0,0.24548763798437243,True
41,0,0.3247586976547672,True
9023,0,0.010422558994022028,False
2554,0,0.16568362521408764,True
5674,0,0.05342027058433186,True
621,0,0.025543913773327633,False
195,0,0.10188499684917428,True
9660,0,0.18097079464535537,True
735,0,0.02638408266737164,False
6343,0,0.01724666770941444,False
228,0,0.3112629617256485,True
924,0,0.27252801773597607,True
2421,0,0.48741852488076526,True
7076,0,0.4103184356994487,True
3667,0,0.40452403035592854,True
2962,0,0.1854803106328487,True
9711,0,0.030538744274492494,False
3647,0,0.22431888144257267,True
4642,1,0.9408818739404474,True
8289,0,0.006920232403535788,False
8713,0,0.02059497595536541,False
1490,0,0.09099709935926088,True
7261,0,0.019334283950824715,False
9937,0,0.34102004888247733,True
6962,0,0.19081629667439676,True
1286,0,0.10877560865466666,True
6449,0,0.3151785940184023,True
4485,0,0.19307702616446862,True
6151,0,0.1852979011226493,True
7880,0,0.04632961256725961,False
8564,0,0.017993488266777095,False
6281,0,0.07098529512382311,True
1262,0,0.005486519677208591,False
5355,0,0.35990869128351083,True
1767,0,0.06520302495050996,True
4218,0,0.10175777803997889,True
1137,0,0.03374539661028139,False
5169,0,0.13248812129425963,True
9995,0,0.007831003401605127,False
7252,0,0.4698684366750991,True
3508,0,0.29384513753555613,True
1763,1,0.13065734737867923,True
9924,0,0.2898730127027615,True
6498,0,0.5388100299018375,True
5994,0,0.7373356479020163,True
6085,0,0.025152173318735697,False
2921,0,0.29663954205680215,True
2604,0,0.052073437981657054,True
7922,0,0.10115641527375971,True
6179,0,0.03987535410143528,False
1775,0,0.15956002587108928,True
5849,0,0.1771486394123782,True
2434,0,0.042911989184729916,False
6727,0,0.15502548381539683,True
408,0,0.18078925886285632,True
1731,0,0.20859195054465712,True
6778,0,0.053324057399406086,True
3011,0,0.880929084275122,True
8441,0,0.003029799162043657,False
4187,0,0.39195085074750696,True
6058,0,0.24296071761439375,True
2821,0,0.23414341232964844,True
7324,0,0.1699712054203061,True
9921,0,0.048388125095292084,False
2399,0,0.31558895066819076,True
7928,0,0.37245689757809797,True
7900,0,0.024273793535872275,False
1317,0,0.23740059656794602,True
6793,0,0.0660055829446779,True
5395,0,0.5485474600884643,True
5306,0,0.31230902735121985,True
1887,0,0.11871669504031654,True
3021,0,0.8817344816717694,True
9403,0,0.12918828179560407,True
6694,0,0.7568862018590513,True
1331,0,0.08544822366708739,True
9907,0,0.40423284333857973,True
4569,0,0.26509261296333164,True
3586,0,0.39108114122629767,True
3189,0,0.424029135471027,True
7886,0,0.09266768725681428,True
9767,0,0.008080520773556948,False
4111,0,0.7919593138094836,True
5343,0,0.342852366229616,True
4898,0,0.9726037218026837,True
1930,0,0.03489485234028227,False
2926,0,0.9553743771244521,True
8910,0,0.07905285500837818,True
4490,0,0.2727650206651354,True
6270,0,0.06673385653542309,True
8016,0,0.13426724569909493,True
3817,0,0.7855950629737002,True
2148,0,0.27352008792034704,True
510,0,0.006898236933113696,False
8844,0,0.03875193514221974,False
9343,0,0.06467739179581222,True
9569,0,0.0828260178397366,True
4607,0,0.5887114397724855,True
4362,0,0.8907277315574853,True
4995,0,0.13770022350586733,True
427,0,0.018300179510339902,False
5268,0,0.7549078060457814,True
8969,0,0.18456758344853894,True
5222,0,0.02668491522647694,False
3177,0,0.2231093850208873,True
8405,0,0.06168323737585837,True
7409,0,0.18652786952273634,True
3579,1,0.9864973692467538,True
2859,0,0.9284405584078698,True
4784,0,0.33486105233079977,True
7235,0,0.7115148569490963,True
6800,0,0.19683073703241455,True
8219,0,0.004164819979607664,False
7642,0,0.02186790855609869,False
4141,0,0.07164134046582796,True
8766,0,0.35570676181847655,True
5502,0,0.4901154071191509,True
1879,0,0.09842004473069364,True
9192,0,0.011628119943330644,False
6952,0,0.057451038863886195,True
7199,0,0.13028333239833736,True
3918,0,0.7536374070163672,True
3211,0,0.6465290690481262,True
6372,0,0.0650808263197758,True
7987,0,0.03721953731434142,False
6545,0,0.17190092608589363,True
2029,0,0.14887022707286332,True
2432,0,0.21160453975657617,True
5163,0,0.017243021320926553,False
2822,0,0.4382655744780049,True
9598,0,0.024822323257910495,False
3238,0,0.13642767977742778,True
3252,0,0.41488534142719924,True
7369,0,0.014429234047992531,False
4092,0,0.24102513438167925,True
1604,0,0.020253109339722783,False
4837,0,0.13751316556295848,True
73,0,0.30188018813607315,True
8462,0,0.05041198841123982,True
314,0,0.3759254465558549,True
959,0,0.015306778877364521,False
1625,0,0.11148356608190764,True
744,0,0.10401091359014422,True
1274,0,0.017702907859203136,False
1516,0,0.05857430449386971,True
3058,0,0.21617496320372095,True
6827,0,0.40659302160692284,True
6119,0,0.061405360067326664,True
3596,0,0.7813413085407339,True
1942,0,0.07657811528826328,True
2649,0,0.36838680123628004,True
8916,0,0.4625435066292565,True
922,0,0.6651891688360149,True
2378,0,0.7987860267641934,True
9574,0,0.24863194811836087,True
3592,0,0.402209318438502,True
1300,0,0.5031252754636848,True
8775,0,0.0066169003386344445,False
9553,0,0.0565203428558527,True
1242,0,0.27406279452816645,True
5871,0,0.6410144642112123,True
3405,0,0.15481337024438022,True
8580,0,0.051565906171060716,True
3081,0,0.22946091848459818,True
5454,0,0.21335183293452606,True
1393,0,0.04103912616646768,False
1190,0,0.017696644034069627,False
5976,0,0.5341741826384462,True
9968,0,0.15926647125720156,True
6142,0,0.16633083019338976,True
8627,0,0.01941015674207402,False
2165,0,0.8797611250730356,True
2629,0,0.20512529849982614,True
8237,0,0.017569548657341127,False
4221,0,0.0894634063705864,True
9901,0,0.5191942197286245,True
9880,0,0.04691819718222409,False
3426,0,0.7069799246048031,True
1325,0,0.09516214566485788,True
2796,0,0.0804181281343695,True
3812,0,0.6193953881238492,True
3071,0,0.5330558840260493,True
6871,0,0.07918361187853182,True
9404,0,0.21616254545860253,True
5338,0,0.14208777883792906,True
549,0,0.01840993761078596,False
2911,0,0.23273899444543378,True
1861,0,0.019287789421947397,False
6936,0,0.024039008027953897,False
9577,0,0.019108495394650277,False
9142,0,0.0883044963346966,True
8450,0,0.04294660870690009,False
1972,0,0.07986009225103695,True
8531,0,0.058900840643120005,True
6390,0,0.9021986934426105,True
9243,0,0.5729264565841349,True
5595,0,0.11057663481409497,True
5850,0,0.0464312221691807,False
2662,0,0.2824395742496222,True
6639,0,0.5620891940177807,True
4900,0,0.6323535545487625,True
7592,0,0.18581367306916538,True
7128,0,0.11989382774494975,True
2473,0,0.2158411018392915,True
5799,0,0.3264039905431363,True
5870,0,0.16056764448565433,True
7207,0,0.0365901779898913,False
5120,0,0.3724092529890804,True
9751,0,0.03765526867313245,False
675,0,0.011409856525910788,False
1093,0,0.005735040183828227,False
6828,0,0.8039344044082026,True
719,0,0.7352168458764158,True
7157,0,0.3537106122533213,True
1454,0,0.08161987261645039,True
5500,0,0.06925626684692833,True
6841,0,0.2974448291962032,True
7438,0,0.002391936957152313,False
8529,0,0.0877598040040044,True
3595,0,0.6620531371077581,True
2056,0,0.6730283929828081,True
8428,0,0.13211367184798037,True
3557,0,0.05970715975529712,True
1762,0,0.7965502850438013,True
5451,0,0.38274882411433137,True
2090,0,0.09188653802266912,True
7108,0,0.02723901907595502,False
9726,0,0.08053953079608568,True
5282,0,0.680202046199325,True
2362,0,0.13542061601927835,True
9718,0,0.034648871077293725,False
4176,0,0.582854262427025,True
5833,0,0.07368536461093404,True
9089,0,0.20680574161924925,True
1373,0,0.4050781911919138,True
3445,0,0.6219648903281823,True
3339,0,0.6882694429184691,True
8802,0,0.06828785813726805,True
7430,0,0.009775688382470041,False
3642,0,0.6909134650367355,True
6807,0,0.355952755074965,True
4300,0,0.10677999659282493,True
3861,0,0.669588122390988,True
8718,0,0.016532334671102735,False
4069,0,0.40483809614041055,True
4056,0,0.1684197091517554,True
6619,0,0.07765989660722283,True
9297,0,0.08918204742540885,True
4715,0,0.7857044678495962,True
6165,0,0.29101188688782614,True
53,0,0.1148314134061157,True
2047,0,0.06443827432732986,True
1623,0,0.07392033773411034,True
3530,0,0.07476345425122113,True
2966,0,0.441285746654307,True
5227,0,0.05631575714487528,True
9571,0,0.16197353583558563,True
8100,0,0.04053137635082097,False
1497,0,0.20264903021012007,True
7277,0,0.6030488674337132,True
9640,0,0.062088735648973034,True
3717,0,0.13105331721486407,True
219,0,0.29930521176822433,True
1771,0,0.11106428769966321,True
5121,0,0.3325035280884453,True
3266,1,0.9237628783326942,True
5804,0,0.5062221999998345,True
9869,0,0.014682121375152712,False
8831,0,0.021546285865469608,False
3017,0,0.7732369692840917,True
3791,0,0.3116166231929649,True
8638,0,0.025119923803729422,False
4397,0,0.22863659521693977,True
2002,0,0.00804067290165207,False
3241,0,0.44377845669716554,True
3886,0,0.458413679356682,True
5359,0,0.4670406718459027,True
953,0,0.028226685668784997,False
6475,0,0.08057370268656397,True
4305,0,0.034165835201636054,False
5937,0,0.06436789610193511,True
7419,0,0.14431821950987225,True
4587,0,0.08936276280780925,True
807,0,0.04565483402388491,False
8154,0,0.2846736908632577,True
6746,0,0.6162692279034908,True
3787,1,0.22927971827266955,True
9643,0,0.18633541608050314,True
9782,0,0.05180279019769811,True
8966,0,0.019099980924777535,False
7998,0,0.30768568097403054,True
2323,0,0.6188965301491735,True
6673,1,0.9207212781496772,True
5474,0,0.533676085829711,True
7439,0,0.017553445263718225,False
6802,0,0.06333945199663393,True
8072,0,0.016130293239028058,False
8464,0,0.0036591711773953316,False
7325,0,0.3548165181115631,True
1001,0,0.17205246167257982,True
9449,0,0.036726486243881584,False
7407,0,0.2095805908608464,True
646,0,0.06525464423326431,True
8978,0,0.1330953440553513,True
1553,0,0.7180287566296908,True
3802,0,0.3247321205668064,True
2217,0,0.8014693972267288,True
696,0,0.009855091123668693,False
8201,0,0.0034347995121289773,False
7221,0,0.4421392435553632,True
6835,0,0.3062044915915389,True
6887,0,0.07229619526612438,True
2886,0,0.0968201523320432,True
9631,0,0.1012015246205328,True
1472,0,0.0826125324825427,True
9275,0,0.007214760511398779,False
6821,0,0.2149145949760038,True
137,0,0.6334763305922507,True
4637,0,0.7341198855226371,True
7626,0,0.12558558739402306,True
8703,0,0.01681132940370781,False
2277,0,0.11092883110626342,True
5841,0,0.02787546448262861,False
3091,0,0.09733717608536627,True
4113,0,0.9451876429470389,True
4677,0,0.6139897747444671,True
3880,0,0.02330527924170854,False
8746,0,0.23793837227539313,True
6218,0,0.3337677594695138,True
4038,0,0.03518458027208892,False
4782,0,0.818399780548546,True
7951,0,0.010156605377065529,False
5393,0,0.7449790993787148,True
3067,0,0.17234112811961103,True
8873,0,0.011921226045653235,False
7884,1,0.694436005877728,True
8728,0,0.004622850019396128,False
3219,0,0.10192198549521267,True
7109,0,0.23782471734310004,True
6197,0,0.2340128988758125,True
6602,0,0.14131629636395482,True
8250,0,0.04974012915188646,False
9546,0,0.16662890877433978,True
4427,1,0.738926658325725,True
7649,0,0.01932347569161449,False
1035,0,0.08078690852512983,True
1824,0,0.9324595090536945,True
6537,0,0.12457003793007076,True
3624,0,0.054533711952555346,True
7810,0,0.20240341727638994,True
3151,0,0.30663183434973307,True
4227,0,0.2733447929675088,True
4155,1,0.2684776982354986,True
3008,0,0.423314526745292,True
6974,0,0.1720924984388074,True
1816,0,0.5638737720660508,True
5011,0,0.11658296518286539,True
8086,0,0.03510472231958178,False
3561,0,0.14415374803552744,True
3030,0,0.021069434092926335,False
5901,0,0.6765330829721597,True
7883,0,0.03573944218259262,False
5514,0,0.07655766407220553,True
754,0,0.3415831856738256,True
8694,0,0.0036537809334595663,False
2472,0,0.8767168780499995,True
6938,0,0.0537954239075243,True
5613,0,0.15487303725906712,True
4666,0,0.18943722955981201,True
4391,1,0.4721315277463234,True
6227,0,0.16799153757282625,True
585,0,0.15616622608306013,True
843,0,0.3150474023515376,True
7911,0,0.04738540959399978,False
2807,0,0.1669229618795206,True
4428,0,0.4417608360821209,True
1639,0,0.14477391923024274,True
9614,0,0.044565391376214916,False
7418,0,0.07208699837758806,True
6990,1,0.8813559959574848,True
7815,0,0.022578416699002676,False
5768,0,0.24520533094845248,True
7304,0,0.11896221851452264,True
3019,1,0.9344538535874838,True
9218,0,0.12153500031221467,True
6719,0,0.12281581271794068,True
4296,1,0.9978737185204879,True
2668,0,0.3085560212855094,True
5688,0,0.20964802330148424,True
7380,0,0.020357464113101166,False
8167,0,0.05947487754026363,True
4478,0,0.271230729757719,True
921,0,0.22336207404275724,True
1707,0,0.07347308481176737,True
5744,0,0.06819419765129024,True
4284,0,0.7447319510365694,True
5162,0,0.3269498313717878,True
9414,1,0.7591262570561816,True
6688,0,0.1202320596565529,True
5932,0,0.03281872896641383,False
8554,0,0.024040074948487995,False
2697,0,0.01832421073020723,False
5505,0,0.05421594733754689,True
6352,0,0.041921341292471055,False
9195,0,0.0149621880776858,False
6248,1,0.9874125415792252,True
8068,0,0.050754862465935593,True
2841,0,0.4271677118503988,True
9088,0,0.03365067191152366,False
8372,0,0.028563928267491993,False
6858,0,0.10509342994271961,True
9482,0,0.6216944455015166,True
9965,0,0.1591163874671456,True
5460,0,0.17158182506433664,True
9388,0,0.09944307835167568,True
623,0,0.026110608100608643,False
3193,0,0.06548081994047905,True
5521,0,0.29847826318378873,True
1505,0,0.3760050816000065,True
1174,0,0.005244504334481958,False
1923,0,0.01218843446135548,False
9197,0,0.11827639931126886,True
6309,0,0.6360782080134576,True
1938,0,0.08866013260160614,True
1863,0,0.06954429443702652,True
9483,0,0.08316405789501156,True
3350,1,0.9662737102408213,True
3453,0,0.5925328100892935,True
385,0,0.1039037134554829,True
3590,0,0.6664504834734877,True
3555,0,0.1751191396228158,True
5439,0,0.06387643308348788,True
3863,0,0.4057595000626433,True
4734,0,0.8257055351986826,True
9757,0,0.05110819770585786,True
4496,0,0.3405432732149781,True
6910,0,0.40008340741254383,True
1253,0,0.07480457801650862,True
438,0,0.08292040391072733,True
2390,0,0.3558260267709203,True
4949,0,0.15606903200316968,True
7722,0,0.43385900240902636,True
7172,0,0.046922986457544405,False
653,0,0.09786307046346338,True
4621,1,0.8877342329098395,True
112,0,0.07514512079592701,True
5839,0,0.02581924130160585,False
6711,0,0.3227793348501956,True
9594,0,0.010669342921743692,False
4086,0,0.38746760030046135,True
2702,0,0.050855366610670916,True
318,0,0.22475772027932067,True
3737,0,0.4728853336442485,True
6840,0,0.1466335291909436,True
9267,0,0.2929307008027039,True
1352,0,0.004865686444124779,False
2351,0,0.2062100801673119,True
5304,0,0.8842779681348899,True
1512,0,0.003758109992811703,False
6006,0,0.08908601573667274,True
2288,0,0.23030421191840053,True
5560,0,0.48405285652206526,True
717,0,0.03968346706088594,False
1247,0,0.3428885701204194,True
5344,0,0.4689001887578711,True
4190,0,0.44747574443919114,True
2429,0,0.2724749231235805,True
8993,0,0.19957448968872826,True
9785,0,0.012378531554877883,False
4162,0,0.12121577706005146,True
7912,0,0.20360028781236275,True
2367,0,0.11418355524443626,True
8186,0,0.1198104563378474,True
3675,0,0.23946895285362638,True
4299,0,0.3732966952422256,True
8024,0,0.19036341644982469,True
5108,0,0.7037645663311255,True
7239,0,0.4962039077038161,True
5619,0,0.29846877619867657,True
9538,0,0.11749974286469236,True
3117,0,0.10598308323253883,True
6995,0,0.24722358406566233,True
2007,0,0.021241615849487645,False
1194,0,0.03551516588988906,False
1564,0,0.25000207037158384,True
983,0,0.04119984999000112,False
8149,0,0.17945042640543474,True
7663,0,0.6706724254280944,True
8956,0,0.37373642122601813,True
2381,0,0.09596416586263375,True
7727,0,0.024546522947374576,False
359,0,0.016509438235944123,False
624,0,0.007444743210698375,False
9201,0,0.031499945797806454,False
8457,0,0.01947089268180688,False
7566,0,0.10863630949450605,True
4907,0,0.050833721128841644,True
1066,0,0.13403423077965318,True
1928,0,0.012454366330408768,False
3421,0,0.1319677885765574,True
3568,0,0.8069026302233552,True
5114,0,0.4804345342772552,True
409,0,0.14961400432276142,True
4470,0,0.08778081435473802,True
8387,0,0.040230174256732844,False
8273,0,0.022974403326394742,False
494,0,0.18965395447515465,True
5692,0,0.5900875140224673,True
6868,0,0.07307012491257231,True
402,0,0.11662058993177153,True
8976,0,0.028663168429298117,False
5122,0,0.1949338154183678,True
4615,0,0.7055526108627265,True
2951,0,0.08384006742936155,True
3481,0,0.15744695833395242,True
792,0,0.01800910794487078,False
5790,0,0.14207625674500377,True
8061,0,0.021393992753996324,False
2609,0,0.05660661220549347,True
3378,0,0.03884508051337665,False
4011,0,0.9387187791900614,True
5265,0,0.14021220546302107,True
3968,0,0.0820803631113934,True
3194,0,0.4401587873859673,True
8422,0,0.5823339736947564,True
1343,0,0.007178778982508793,False
3848,0,0.4716751266580801,True
1611,0,0.013032426409237925,False
4815,0,0.36924543941997345,True
9073,0,0.07685888929301767,True
6658,0,0.9003989051664624,True
1801,0,0.15474138686777691,True
6099,0,0.007339604170594891,False
7775,0,0.018237266211268716,False
6090,0,0.021127399656346316,False
3808,0,0.07618167310346745,True
4361,1,0.8217656629199231,True
5223,0,0.06277894425641317,True
7078,0,0.8145148127490697,True
1108,0,0.11218130891238669,True
692,0,0.02386639413406802,False
160,1,0.9471515783091667,True
2403,0,0.8015490382453133,True
98,0,0.014710209446932939,False
2979,0,0.29093209162346556,True
768,0,0.00659147790884236,False
8044,0,0.006398803182318149,False
6783,0,0.2819429700332991,True
5677,0,0.2045244561721146,True
3013,0,0.7880080533687379,True
3003,0,0.4047478795036227,True
8730,0,0.008439279127740253,False
9308,0,0.28297702860896934,True
2307,0,0.17178554483970848,True
6679,0,0.03806521740379765,False
9256,0,0.14338260594085966,True
6773,0,0.14292850051226358,True
170,0,0.030209972257036997,False
3366,0,0.04606208140541731,False
8222,0,0.010847206465514602,False
8430,0,0.5986731843375865,True
7015,0,0.0540682569264709,True
5473,0,0.7967412263516227,True
9439,0,0.09978468070986875,True
4788,0,0.1593417435482019,True
7356,0,0.0823695903058285,True
7095,0,0.37249567093886804,True
4112,0,0.4791812971549586,True
5852,0,0.01513627272339345,False
5018,0,0.23225774358282425,True
5045,0,0.8021432534843262,True
5285,0,0.4496785473102913,True
1061,0,0.28427648748579576,True
6555,0,0.3529945189090891,True
7560,0,0.36839974205476195,True
9299,0,0.12377785568496442,True
286,0,0.04558639655909549,False
8322,0,0.05183460925424824,True
7725,0,0.02775718433080193,False
9003,0,0.286247605071384,True
2688,0,0.2747888547690728,True
702,0,0.21174241779762917,True
8881,0,0.015934245763600877,False
590,0,0.08940733934713069,True
1212,0,0.44596493587521674,True
5303,0,0.7670924214557989,True
895,0,0.41317893441119374,True
3796,0,0.07847332768250025,True
2812,0,0.11705079638475312,True
85,0,0.021560041591550443,False
466,0,0.11754451511608219,True
6535,0,0.23199264259504987,True
4387,0,0.21111171276168586,True
540,0,0.0515968782996787,True
2262,0,0.22692030662544418,True
2550,0,0.2810200905075608,True
4763,0,0.5216808764929552,True
370,0,0.0769838876426831,True
8676,0,0.18203197512736682,True
758,0,0.32509241041188136,True
7342,0,0.017536064351106422,False
7862,0,0.0817490608971284,True
2915,0,0.9262298673279759,True
106,0,0.2907416485812983,True
9042,0,0.008442605610837269,False
1382,0,0.02269524661694683,False
488,0,0.30544574898186816,True
5702,0,0.5818933105755489,True
2508,0,0.011176623100716628,False
6870,0,0.07884980684885066,True
9777,0,0.3667636618670975,True
4186,0,0.4223772048910884,True
9999,0,0.04425839694245038,False
2011,0,0.015123344919533252,False
6659,0,0.34618507884449756,True
4852,0,0.33938002498817543,True
2405,0,0.33911153549662215,True
57,0,0.24053237447544334,True
6432,0,0.12640226397583898,True
4383,1,0.9983028477072994,True
9850,0,0.005377679924758759,False
9926,0,0.0163504054775741,False
9676,0,0.005572222852221733,False
5949,0,0.21648038054835927,True
8263,0,0.04421294927481876,False
7278,0,0.019504027192953438,False
9637,0,0.0636874498216075,True
7716,0,0.07028200169487366,True
2461,0,0.15916411311772338,True
5641,0,0.26770530647931506,True
6452,0,0.4021561442209064,True
4124,0,0.5334535428292876,True
2445,0,0.5152482461300183,True
1028,0,0.01432994605167355,False
9259,0,0.003833652978164272,False
5623,0,0.312115232626061,True
8858,0,0.0030384083992883383,False
6239,0,0.25757905851572976,True
9840,0,0.014208599148430165,False
3449,0,0.5755130174356735,True
378,0,0.06736776671551152,True
8038,0,0.07065175307265197,True
9938,0,0.032445351836858496,False
5062,0,0.9145154276766359,True
9255,0,0.13908327259828573,True
4846,0,0.09575189101183948,True
3706,0,0.18085788389232202,True
2342,0,0.019666750334605625,False
8049,0,0.0030956983599283176,False
8312,0,0.02184194089631647,False
9408,0,0.17603633638160204,True
6875,0,0.02507021788935382,False
1745,0,0.12748715006441527,True
3607,0,0.5690798756498395,True
7804,0,0.08030064697016168,True
1538,0,0.07038338191039761,True
3807,0,0.11106342650618302,True
3984,0,0.2476093117967831,True
9329,0,0.24759287046215533,True
6987,0,0.8297354655494591,True
2721,0,0.04216541905708541,False
6642,0,0.1511028228332093,True
7308,0,0.21838635059905598,True
2257,0,0.10887134176936056,True
9736,0,0.6692205181303627,True
1935,0,0.3598035138648824,True
9199,0,0.010296213359194752,False
5254,0,0.12559708992278945,True
9244,0,0.13118527388597837,True
2247,0,0.11805523582096114,True
3272,0,0.35943192062646945,True
2301,0,0.2109564049004847,True
7310,0,0.08193501511103853,True
972,0,0.08264838803794818,True
2094,0,0.031833197017179,False
2547,0,0.1852240237998519,True
9180,0,0.0052697664465917995,False
3410,0,0.21108019671961903,True
797,0,0.07967615715848231,True
8819,0,0.06036012154346613,True
1665,0,0.24068942750320213,True
6798,0,0.16385865595696536,True
8490,0,0.5814850167059407,True
6389,0,0.0926016378208923,True
8176,0,0.18834085818094937,True
5739,0,0.021272508319486724,False
7665,0,0.17142544640456076,True
3678,0,0.23178434355703492,True
6707,0,0.19243679363200128,True
8533,0,0.014738399048945243,False
3635,0,0.11340320777219448,True
2544,0,0.13073730760558727,True
4937,0,0.30433209946941925,True
5389,0,0.8066441133226053,True
3101,0,0.2204867605971708,True
4344,0,0.8231036092056608,True
7386,0,0.017637319940182212,False
5049,0,0.6588671448499078,True
481,0,0.08690839749701297,True
2520,0,0.10162158443786072,True
2714,0,0.6282560923471522,True
2337,0,0.04541328113967354,False
6302,0,0.7157613318018838,True
4535,0,0.5610889782862544,True
6068,0,0.30416732710834415,True
1395,0,0.050773617610974556,True
9998,0,0.09389163219083269,True
6360,0,0.045265598779899614,False
5076,0,0.2584650937962764,True
3879,0,0.4489457858738664,True
107,0,0.2520527421241573,True
35,0,0.261966704494071,True
1668,0,0.2129394872590736,True
1568,0,0.3998934591924236,True
9807,0,0.6794709131753941,True
8092,0,0.09701866338072983,True
1380,0,0.03726140154957117,False
3060,0,0.16588031667179418,True
7845,0,0.05665526727422466,True
8067,0,0.024296824296217063,False
1394,0,0.23914350340098053,True
5203,0,0.3337108920980451,True
6521,0,0.029573913646215345,False
2103,0,0.07717704297037249,True
1575,0,0.28167007457442683,True
7067,0,0.16831139337948228,True
8667,0,0.15396097184618757,True
3852,0,0.7575890445904931,True
4431,0,0.9460119459835968,True
2666,0,0.1816185742258055,True
2719,0,0.08500775438402035,True
3691,0,0.8557749529435438,True
5659,0,0.028442974795165173,False
9547,0,0.03270610732725142,False
2987,0,0.10029729405719201,True
231,0,0.25350097750987044,True
419,0,0.005249964526728094,False
267,0,0.038179534958576906,False
1423,0,0.0029284669072834786,False
4012,0,0.8506139017147083,True
6818,0,0.11294487930478983,True
5800,0,0.6200813933532285,True
9629,0,0.08419447894094233,True
7973,0,0.018016200225423457,False
8485,0,0.19611166759610787,True
2099,0,0.019026112706808113,False
1091,0,0.039969650566080664,False
916,0,0.1679866083316848,True
7346,0,0.07668277375260578,True
104,0,0.10350315079081268,True
9803,0,0.05833123698092519,True
8631,0,0.007413910058011999,False
4962,0,0.9167965410362459,True
1146,0,0.23264632699954382,True
9657,0,0.19839322915537103,True
9942,0,0.38224730018610265,True
679,0,0.015058992676840993,False
7577,0,0.037415558752797645,False
7542,0,0.10272132048041784,True
3243,0,0.2986156752825681,True
9210,0,0.3791338642422513,True
8483,0,0.02111120720525671,False
1074,0,0.05173099034394821,True
2644,0,0.4528001252410493,True
8520,0,0.7433422657807301,True
7053,0,0.19153001249623433,True
6683,0,0.1184340572845933,True
4833,1,0.08556191837014666,True
3255,0,0.7078687447362008,True
7875,0,0.01810822311835291,False
2070,0,0.6059914910653054,True
487,0,0.01569245959110891,False
7992,0,0.062294876267881015,True
5989,0,0.7951669896889925,True
9988,0,0.23610585472787457,True
5719,0,0.3364063941813312,True
6019,0,0.16601735651650734,True
7738,0,0.4859596345706129,True
3815,0,0.1522645975571144,True
8944,0,0.00861595029554127,False
5267,0,0.2049571279032768,True
275,0,0.4966016505795668,True
84,0,0.09070398237815043,True
3300,0,0.10245329270812438,True
5089,0,0.4531294098954438,True
1480,0,0.09193419626614541,True
9817,0,0.16748674768997426,True
6148,0,0.25247655602450914,True
9688,0,0.022631020430986516,False
4592,0,0.22196136711215647,True
2201,0,0.1609282423755791,True
2013,0,0.09106606668772349,True
5528,0,0.5427567257725464,True
2419,0,0.07422503065281084,True
7047,0,0.1299050441400083,True
6278,0,0.11528910854207389,True
897,0,0.03615638996412228,False
2358,0,0.05459710826609739,True
7962,0,0.03837292860099133,False
3674,0,0.7628291211718143,True
8562,0,0.23217676216406954,True
5138,0,0.5256446323299545,True
4841,0,0.32451744504437297,True
8323,0,0.029845080653476828,False
5662,0,0.053677572280530265,True
7093,0,0.10409902844571679,True
8634,0,0.02415316358763277,False
7454,0,0.07474333133216442,True
1418,0,0.22390566954722524,True
4356,0,0.5445079099277185,True
3684,1,0.9830519673648382,True
3477,0,0.38247258922198235,True
5035,0,0.3123822148857172,True
1453,0,0.023948116367985436,False
81,0,0.10462866277116002,True
8245,1,0.8590114840564943,True
4028,0,0.7937099410467374,True
2595,0,0.03353311423938909,False
8179,0,0.06758638933774976,True
6531,0,0.012472278659505506,False
3965,0,0.0812669122501259,True
7768,0,0.00918664325337173,False
975,0,0.10648896574247102,True
9508,0,0.018645330111438166,False
5569,0,0.023789134516880615,False
1409,0,0.1906193888248364,True
3176,0,0.6519810084089711,True
2005,0,0.026398618893234634,False
3222,0,0.23640630875688698,True
301,0,0.05084547875799035,True
7895,0,0.16710741173127228,True
8683,0,0.38645157924657486,True
8575,0,0.025933268291792166,False
3998,0,0.3589140105461772,True
3004,0,0.9161053684835047,True
6891,0,0.15484938886534852,True
9095,0,0.44578981090905284,True
1362,0,0.03180948387558273,False
9443,0,0.2315681870081286,True
6185,0,0.03452828795098559,False
552,0,0.024276121842741256,False
9802,0,0.042065121469642155,False
8973,0,0.483133447836521,True
736,0,0.11087657263204168,True
2803,0,0.3919512027638611,True
8341,0,0.1249232527612984,True
835,0,0.03875597382309253,False
1003,0,0.40598476262695843,True
1430,0,0.036924093811646345,False
7821,0,0.037127256626260874,False
532,0,0.02864680788049612,False
6366,0,0.09657335058323983,True
1222,0,0.7172861750065751,True
9320,0,0.12383436321614899,True
1630,0,0.10955251812105227,True
3395,0,0.17686723950386662,True
140,0,0.14157998407230124,True
7850,0,0.001703244574628951,False
7126,0,0.06064835700956437,True
3357,0,0.8793150746944299,True
1904,0,0.23335397048825515,True
3908,0,0.44256582764524044,True
1649,0,0.0643848634008645,True
274,0,0.02003114299539157,False
9647,0,0.42779210748211904,True
691,0,0.026726613671290034,False
5445,0,0.09047871391311564,True
9545,0,0.01819465474144502,False
4579,1,0.49179459768442363,True
2831,0,0.8349758285506592,True
6697,0,0.09927216493152191,True
4220,0,0.8663006641579573,True
4987,0,0.19598158900183257,True
4830,0,0.16631972960075406,True
4506,0,0.3234482884889147,True
7689,0,0.004584708236430425,False
6337,0,0.5532904950873776,True
3833,0,0.3332880939366516,True
6998,0,0.22268933951505088,True
814,0,0.20754946199014873,True
8925,0,0.12771985187937096,True
2684,0,0.02037685378410174,False
7251,0,0.25802600421679867,True
5479,0,0.18871322599470305,True
9465,0,0.13427171106936606,True
5416,0,0.032045619075924646,False
1519,0,0.012933856107377318,False
5141,1,0.3512288937027449,True
7672,0,0.2762988612010428,True
8130,0,0.008854981519116682,False
1151,0,0.19032508738999832,True
4822,0,0.1948714513107416,True
1110,0,0.07157704138614546,True
9422,0,0.009711377685689788,False
2704,0,0.06890864100787783,True
562,0,0.01116555377734615,False
9205,0,0.011867737195548152,False
7630,0,0.0344603990330459,False
627,0,0.026972622555113093,False
956,0,0.014869837497975267,False
2729,0,0.8338962476974807,True
6481,0,0.6888563793510889,True
4247,1,0.9554647150527076,True
6965,0,0.26739592853306804,True
8091,0,0.635895288810818,True
6506,0,0.6916777418590457,True
2984,0,0.14275669535931818,True
1246,0,0.1022850492532466,True
5793,0,0.5140257312644955,True
833,0,0.03052505915331996,False
6713,0,0.2594658964302903,True
7141,0,0.19062721853997408,True
8900,0,0.009677599674791088,False
3056,0,0.09103823282439087,True
8540,0,0.011298262920577758,False
7504,0,0.44298563658001144,True
6063,0,0.36939060602871643,True
8801,0,0.009474997257147722,False
7653,0,0.2463933021590418,True
8466,0,0.012866732730477993,False
3475,0,0.16565226250215567,True
7863,0,0.033693805564298296,False
4873,0,0.30632769154075157,True
200,0,0.08814937557061787,True
7515,0,0.10461552763149647,True
6454,0,0.07273043859688166,True
2411,0,0.5089122636459144,True
136,0,0.2584149350757117,True
5478,0,0.40554614905115804,True
9028,0,0.04378865432598033,False
1711,0,0.29742189701050475,True
2908,0,0.8642067352760425,True
8031,0,0.0024653473851698276,False
9497,0,0.004908925778319895,False
7913,0,0.05350488812150393,True
3002,0,0.4394658858722165,True
7414,0,0.12571792756439987,True
8481,0,0.00670716664024311,False
213,0,0.15422962088597586,True
2253,0,0.4598441669286846,True
1695,0,0.09025118965539677,True
2044,0,0.17062617465748867,True
6558,0,0.3164222559175754,True
1554,0,0.029310243985800566,False
6585,0,0.41203761432727254,True
6089,0,0.024243048024361006,False
7486,0,0.04739195102404969,False
5424,0,0.10782543809086424,True
7582,0,0.33429299083614383,True
8370,0,0.012840338638203783,False
1132,0,0.5637752142028266,True
2360,0,0.42273057412325643,True
1620,0,0.15031587139457653,True
4538,0,0.7794704020852674,True
6093,0,0.48594586089612896,True
7532,0,0.008466668869963133,False
8882,0,0.11095856573156376,True
9440,0,0.198299824920293,True
2354,0,0.02788118960975896,False
5983,0,0.4799999071402093,True
7435,0,0.013265142788757874,False
2894,0,0.06758860294357935,True
1823,0,0.6238063866097535,True
454,0,0.11257329334850999,True
1988,0,0.12303043195027334,True
9806,0,0.8923695143930384,True
7467,0,0.0278004439559236,False
4326,1,0.8115736727159016,True
5130,0,0.7131655388040757,True
1982,0,0.2885856931445821,True
7942,0,0.02912222554819264,False
5083,0,0.539321627849201,True
2789,0,0.11688921315797622,True
7770,0,0.0033952123948905954,False
9975,0,0.19717435625399066,True
2494,1,0.8303658810911404,True
608,0,0.022658149142733282,False
1169,0,0.1446694621745165,True
5568,0,0.04456336759767075,False
9078,0,0.08830793685484072,True
1860,0,0.021112198696819323,False
3765,0,0.9327364681762578,True
7664,0,0.43987550694180416,True
5679,0,0.4149413732532467,True
3506,0,0.56982225575971,True
3315,0,0.33378412338974695,True
8557,0,0.25238915292699227,True
8591,0,0.1291024013483641,True
1162,1,0.8696069886661588,True
8252,0,0.04047801411529254,False
7257,0,0.045140858175702944,False
3628,0,0.049023949719192286,False
7494,0,0.30318711513065133,True
7640,0,0.06430450539746503,True
8767,0,0.623337282482345,True
8190,0,0.23860662563105248,True
6613,0,0.2502338886648445,True
2734,0,0.08232657909922377,True
6740,0,0.9315283126133097,True
8057,0,0.02049423421479098,False
4052,0,0.1551579166477118,True
1342,0,0.003158622059265026,False
7795,0,0.007670413728053033,False
6173,0,0.005881845432466876,False
237,0,0.21608312643486954,True
8948,0,0.024094164516430705,False
1173,0,0.2588660111754262,True
6153,1,0.9288315680182407,True
2641,0,0.31455606537688807,True
8741,0,0.09338096603571312,True
3532,0,0.07115486211629828,True
6822,0,0.17357998485299436,True
8538,0,0.020633506163056186,False
2943,0,0.05399595348151248,True
2677,0,0.03512801006050026,False
1524,0,0.023566918272021557,False
9341,0,0.01443155098912377,False
5925,0,0.016806137242645937,False
555,0,0.06509843838865705,True
5955,0,0.08257352866159226,True
5806,0,0.6193395558283019,True
5301,0,0.9077148826103365,True
4252,0,0.7811894710575233,True
6002,0,0.028739832098062024,False
9739,0,0.26073061616973636,True
7437,0,0.008585949766462084,False
7953,0,0.005224332027180195,False
7975,0,0.03559772258730644,False
4798,0,0.7865680930014142,True
6541,0,0.15422318095694565,True
4458,0,0.9607953206824283,True
6772,0,0.0907955220054096,True
3507,0,0.14374908116703522,True
7137,0,0.25489904918673306,True
3689,0,0.4655107998000079,True
4394,0,0.6848016979776126,True
9509,0,0.01190147421954325,False
2163,0,0.36080788153572396,True
7217,0,0.0847640276823943,True
1721,0,0.1462862752705496,True
6533,0,0.5013311950469967,True
7464,0,0.09370607845675302,True
5607,0,0.06803364150509326,True
3018,0,0.4344060344139982,True
7372,0,0.07939123230009466,True
4461,0,0.6856095317312932,True
7742,0,0.5154159619780341,True
3576,0,0.694507309372842,True
4572,0,0.17008758539217664,True
425,0,0.0031828346120071228,False
1437,1,0.022067894755113948,False
5357,0,0.3221238936829912,True
6411,0,0.6655577403578031,True
4245,0,0.49613236953522577,True
8968,0,0.3320679210203282,True
2646,0,0.30990798525810775,True
9741,0,0.2225630531642967,True
7503,0,0.04026712696446153,False
9947,0,0.07529395611994855,True
6790,0,0.32762912225586954,True
8042,0,0.05036509110870179,True
6101,0,0.016128512778092245,False
7334,0,0.21024558557860526,True
8080,0,0.04847367670458663,False
902,0,0.28543368057682794,True
4697,0,0.3626189522958875,True
2480,0,0.44036324491542983,True
65,0,0.34007743716523275,True
5558,0,0.6480358956885376,True
4722,0,0.6213806966786881,True
1770,0,0.010280551819590353,False
7938,0,0.23927866459513542,True
2229,0,0.32887956608080554,True
5885,0,0.07290012581740009,True
8869,0,0.015677701220658403,False
8184,0,0.3121004444246381,True
6578,0,0.7429060487071112,True
5911,0,0.6006511421647382,True
5701,0,0.6943030788603565,True
6882,0,0.23539302041794055,True
7734,0,0.027138190734670047,False
8307,1,0.9009849234800988,True
2457,0,0.13080206608964748,True
1469,0,0.07763213864608018,True
1128,0,0.03467060842664523,False
